-- phpMyAdmin SQL Dump
-- version 5.2.1
-- https://www.phpmyadmin.net/
--
-- Host: 127.0.0.1
-- Generation Time: Jun 08, 2026 at 07:49 PM
-- Server version: 10.4.32-MariaDB
-- PHP Version: 8.2.12

SET SQL_MODE = "NO_AUTO_VALUE_ON_ZERO";
START TRANSACTION;
SET time_zone = "+00:00";


/*!40101 SET @OLD_CHARACTER_SET_CLIENT=@@CHARACTER_SET_CLIENT */;
/*!40101 SET @OLD_CHARACTER_SET_RESULTS=@@CHARACTER_SET_RESULTS */;
/*!40101 SET @OLD_COLLATION_CONNECTION=@@COLLATION_CONNECTION */;
/*!40101 SET NAMES utf8mb4 */;

--
-- Database: `eduhub`
--

-- --------------------------------------------------------

--
-- Table structure for table `questions`
--

CREATE TABLE `questions` (
  `id` int(11) NOT NULL,
  `question` text DEFAULT NULL,
  `quiz_id` int(11) DEFAULT NULL,
  `question_type_id` int(11) DEFAULT NULL
) ENGINE=InnoDB DEFAULT CHARSET=utf8mb4 COLLATE=utf8mb4_general_ci;

--
-- Dumping data for table `questions`
--

INSERT INTO `questions` (`id`, `question`, `quiz_id`, `question_type_id`) VALUES
(1, 'What does HTML stand for?', 1, 1),
(2, 'Which HTML tag is used for the largest heading?', 1, 1),
(3, 'Which tag is used to create a hyperlink in HTML?', 1, 1),
(4, 'How do you insert an image in HTML?', 1, 1),
(5, 'Which tag creates a line break in HTML?', 1, 1),
(6, 'Which attribute specifies the URL for an <a> tag?', 1, 1),
(7, 'Which tag defines an unordered list?', 1, 1),
(8, 'Which tag defines a table row?', 1, 1),
(9, 'How do you write a comment in HTML?', 1, 1),
(10, 'Which tag is used for the footer of a document?', 1, 1),
(11, 'Which attribute provides alternative text for an image?', 1, 1),
(12, 'Which of the following is a block-level element?', 1, 1),
(13, 'Which tag defines the title of an HTML document?', 1, 1),
(14, 'How do you create a checkbox in HTML?', 1, 1),
(15, 'Which tag defines a dropdown list?', 1, 1),
(16, 'Which semantic element defines navigation links?', 1, 1),
(17, 'What does the <!DOCTYPE html> declaration do?', 1, 1),
(18, 'Which tag is used to embed an external stylesheet?', 1, 1),
(19, 'Which attribute is used to open a link in a new tab?', 1, 1),
(20, 'Which semantic element represents a standalone article?', 1, 1),
(21, 'What does CSS stand for?', 2, 1),
(22, 'Which HTML attribute is used to define inline styles?', 2, 1),
(23, 'How do you select an element with id=\"header\" in CSS?', 2, 1),
(24, 'Which CSS property is used to change the background color of an element?', 2, 1),
(25, 'Which CSS property controls the text size?', 2, 1),
(26, 'What is the correct CSS syntax to make all <p> elements have red text?', 2, 1),
(27, 'Which property is used to change the text color of an element?', 2, 1),
(28, 'Which CSS property sets the spacing between lines of text?', 2, 1),
(29, 'How do you make each word in a paragraph start with a capital letter?', 2, 1),
(30, 'What is the default value of the CSS position property?', 2, 1),
(31, 'Which CSS property controls the space between an element\'s border and its content?', 2, 1),
(32, 'What does margin: 10px 5px; mean?', 2, 1),
(33, 'Which CSS property is used to change the font of an element?', 2, 1),
(34, 'How do you select all elements with class=\"example\"?', 2, 1),
(35, 'Which CSS property is used to set an image as the background?', 2, 1),
(36, 'Which unit is relative to the font-size of the root element (<html>)?', 2, 1),
(37, 'Which CSS property makes a container a flexbox container?', 2, 1),
(38, 'What does the CSS property \"display: none;\" do?', 2, 1),
(39, 'Which CSS property is used to add rounded corners to an element?', 2, 1),
(40, 'Which selector has the highest specificity?', 2, 1),
(41, 'What is Bootstrap?', 3, 1),
(42, 'Which class is used to create a responsive container that spans the full width?', 3, 1),
(43, 'What does the \"col-sm-6\" class mean in Bootstrap 5?', 3, 1),
(44, 'Which Bootstrap class is used to create a button?', 3, 1),
(45, 'How do you center content horizontally in Bootstrap?', 3, 1),
(46, 'Which class adds a zebra-striped effect to a table?', 3, 1),
(47, 'What is the default maximum width of a .container in Bootstrap?', 3, 1),
(48, 'Which class is used to create a navigation bar?', 3, 1),
(49, 'How do you make an image responsive in Bootstrap?', 3, 1),
(50, 'Which spacing utility adds margin on all sides (1.5rem by default)?', 3, 1),
(51, 'What does the \"btn-primary\" class do?', 3, 1),
(52, 'Which class is used to hide an element on mobile devices?', 3, 1),
(53, 'What is the purpose of the \"row\" class in Bootstrap?', 3, 1),
(54, 'Which component would you use to create a dropdown menu?', 3, 1),
(55, 'How do you align text to the center in Bootstrap?', 3, 1),
(56, 'Which class adds a hover effect to table rows?', 3, 1),
(57, 'What is the breakpoint for large screens (lg) in Bootstrap 5?', 3, 1),
(58, 'Which class creates a card component?', 3, 1),
(59, 'How do you create a responsive image that is rounded?', 3, 1),
(60, 'Which utility class is used to display an element as flexbox?', 3, 1),
(61, 'What is JavaScript?', 4, 1),
(62, 'How do you write \"Hello World\" in an alert box?', 4, 1),
(63, 'Which symbol is used for single-line comments in JavaScript?', 4, 1),
(64, 'What does the \"typeof\" operator do?', 4, 1),
(65, 'How do you declare a variable in JavaScript?', 4, 1),
(66, 'Which method converts a JSON string into a JavaScript object?', 4, 1),
(67, 'What does \"===\" mean in JavaScript?', 4, 1),
(68, 'How do you create a function in JavaScript?', 4, 1),
(69, 'What is the correct way to write an array in JavaScript?', 4, 1),
(70, 'Which event occurs when a user clicks on an HTML element?', 4, 1),
(71, 'How do you get the length of an array?', 4, 1),
(72, 'What does \"NaN\" stand for?', 4, 1),
(73, 'Which built-in method adds an element to the end of an array?', 4, 1),
(74, 'What is the output of \"5\" + 3 in JavaScript?', 4, 1),
(75, 'How do you stop a form from submitting?', 4, 1),
(76, 'What does \"DOM\" stand for?', 4, 1),
(77, 'How do you select an element by its ID in JavaScript?', 4, 1),
(78, 'What is the purpose of \"console.log()\"?', 4, 1),
(79, 'Which keyword is used to declare a constant variable?', 4, 1),
(80, 'What is a closure in JavaScript?', 4, 1),
(81, 'Which HTML element is used to define navigation links?', 5, 1),
(82, 'What does the \"alt\" attribute in an <img> tag provide?', 5, 1),
(83, 'Which HTML tag is used to create a dropdown list?', 5, 1),
(84, 'What is the purpose of the <meta> tag?', 5, 1),
(85, 'Which attribute specifies that an input field must be filled out?', 5, 1),
(86, 'How do you embed a video in HTML without using Flash?', 5, 1),
(87, 'What does the <article> element represent?', 5, 1),
(88, 'Which input type creates a slider control?', 5, 1),
(89, 'What is the difference between <div> and <span>?', 5, 1),
(90, 'Which HTML element is used to display a scalar measurement within a range?', 5, 1),
(91, 'What does the \"target\" attribute with \"_blank\" value do?', 5, 1),
(92, 'Which tag is used to define a client-side image map?', 5, 1),
(93, 'How can you make a list that lists its items with Roman numerals?', 5, 1),
(94, 'What is the purpose of the <fieldset> element?', 5, 1),
(95, 'Which HTML element defines the title of a document (shown in browser tab)?', 5, 1),
(96, 'What does the \"autocomplete\" attribute do in a form?', 5, 1),
(97, 'Which tag is used to define a table caption?', 5, 1),
(98, 'What is the correct way to link an external CSS file?', 5, 1),
(99, 'Which HTML5 feature allows you to draw graphics on the fly?', 5, 1),
(100, 'What does the \"async\" attribute do in a <script> tag?', 5, 1),
(101, 'What is the purpose of the \"data-*\" attribute in HTML5?', 6, 1),
(102, 'Which element is used to provide a caption for a <figure> element?', 6, 1),
(103, 'What does the \"contenteditable\" attribute do?', 6, 1),
(104, 'How can you make a custom dropdown without using <select>?', 6, 1),
(105, 'What is the correct way to use the <template> tag?', 6, 1),
(106, 'Which input type is used for selecting a date and time?', 6, 1),
(107, 'What is the purpose of the \"sandbox\" attribute in an <iframe>?', 6, 1),
(108, 'How do you specify that an <input> element should have spell checking enabled?', 6, 1),
(109, 'Which element is used to represent the main content of a document?', 6, 1),
(110, 'What is the difference between \"defer\" and \"async\" in <script>?', 6, 1),
(111, 'Which attribute allows you to validate an email input with a specific pattern?', 6, 1),
(112, 'What is the purpose of the <datalist> element?', 6, 1),
(113, 'How do you create a responsive iframe that maintains aspect ratio?', 6, 1),
(114, 'Which HTML element is used to display a dialog box or modal?', 6, 1),
(115, 'What does the \"download\" attribute in an <a> tag do?', 6, 1),
(116, 'How can you define a custom element in HTML?', 6, 1),
(117, 'What is the purpose of the \"reversed\" attribute in an <ol>?', 6, 1),
(118, 'Which element is used to define a sidebar or complementary content?', 6, 1),
(119, 'What is the correct way to embed a PDF in an HTML page?', 6, 1),
(120, 'How do you enable cross-origin resource sharing (CORS) for media elements?', 6, 1),
(121, 'Which CSS property is used to control the stacking order of elements?', 7, 1),
(122, 'What does \"position: absolute\" do relative to?', 7, 1),
(123, 'How do you select the first child of an element?', 7, 1),
(124, 'Which CSS function is used to create custom properties (variables)?', 7, 1),
(125, 'What does \"box-sizing: border-box\" do?', 7, 1),
(126, 'How can you center a block element horizontally?', 7, 1),
(127, 'Which media feature is used to detect if the device is in landscape mode?', 7, 1),
(128, 'What does \"transition: all 0.3s ease\" do?', 7, 1),
(129, 'Which pseudo-element is used to style the first line of a paragraph?', 7, 1),
(130, 'How do you create a CSS grid container?', 7, 1),
(131, 'What is the difference between \"display: none\" and \"visibility: hidden\"?', 7, 1),
(132, 'Which unit is relative to the viewport width?', 7, 1),
(133, 'What does \"z-index\" only work on?', 7, 1),
(134, 'How do you apply a style to all elements that are checked?', 7, 1),
(135, 'What does \"animation-iteration-count: infinite\" do?', 7, 1),
(136, 'Which property is used to set the space between grid items?', 7, 1),
(137, 'What is the difference between \"nth-child\" and \"nth-of-type\"?', 7, 1),
(138, 'How do you create a triangle with pure CSS?', 7, 1),
(139, 'What does \"pointer-events: none\" do?', 7, 1),
(140, 'Which property is used to write a multi-column layout?', 7, 1),
(141, 'What is the difference between CSS Grid and Flexbox?', 8, 1),
(142, 'How do you create a keyframe animation?', 8, 1),
(143, 'What does \"will-change\" property do?', 8, 1),
(144, 'What is CSS specificity and how is it calculated?', 8, 1),
(145, 'How do you implement a responsive design without media queries?', 8, 1),
(146, 'What is the purpose of \"contain\" property?', 8, 1),
(147, 'What is a CSS preprocessor and name two examples?', 8, 1),
(148, 'How do you create a parallax scrolling effect?', 8, 1),
(149, 'What is the difference between \"transform\" and \"translate\"?', 8, 1),
(150, 'What is \"cascade\" in CSS?', 8, 1),
(151, 'How do you optimize CSS for performance?', 8, 1),
(152, 'What is \"CSS Houdini\"?', 8, 1),
(153, 'How do you create a sticky footer with CSS Grid?', 8, 1),
(154, 'What is the difference between \"rem\" and \"em\"?', 8, 1),
(155, 'How do you implement dark mode in CSS?', 8, 1),
(156, 'What is \"isolation: isolate\" used for?', 8, 1),
(157, 'How can you create a CSS-only tooltip?', 8, 1),
(158, 'What is the \"currentColor\" keyword?', 8, 1),
(159, 'What does \"backface-visibility: hidden\" do?', 8, 1),
(160, 'How do you debug CSS layout issues?', 8, 1),
(161, 'How do you create a responsive navigation bar that collapses?', 9, 1),
(162, 'What are Bootstrap cards and how do you use them?', 9, 1),
(163, 'How do you center a modal vertically in Bootstrap 5?', 9, 1),
(164, 'What is the purpose of \"spinners\" in Bootstrap?', 9, 1),
(165, 'How do you create a carousel/slider in Bootstrap?', 9, 1),
(166, 'What are Bootstrap tooltips and how are they initialized?', 9, 1),
(167, 'How do you create a scrollspy navigation?', 9, 1),
(168, 'What is the difference between \"display: flex\" and Bootstrap\'s d-flex?', 9, 1),
(169, 'How do you create an offcanvas sidebar in Bootstrap 5?', 9, 1),
(170, 'What are Bootstrap badges?', 9, 1),
(171, 'How do you create a button group in Bootstrap?', 9, 1),
(172, 'What is the purpose of the \"data-bs-*\" attributes?', 9, 1),
(173, 'How do you create a toast notification in Bootstrap?', 9, 1),
(174, 'What is the difference between \"col-*\" and \"col-*-*\"?', 9, 1),
(175, 'How do you create a responsive table with horizontal scrolling?', 9, 1),
(176, 'What are Bootstrap list groups?', 9, 1),
(177, 'How do you create a floating label input in Bootstrap 5?', 9, 1),
(178, 'What is the purpose of \"placeholders\" in Bootstrap?', 9, 1),
(179, 'How do you customize Bootstrap using CSS variables?', 9, 1),
(180, 'What are Bootstrap breakpoints and their default values?', 9, 1),
(181, 'How do you create a custom Bootstrap theme using SASS?', 10, 1),
(182, 'What are Bootstrap RTL (Right-to-Left) utilities?', 10, 1),
(183, 'How do you remove the default Bootstrap gutters in a grid?', 10, 1),
(184, 'What is the difference between Bootstrap 4 and 5?', 10, 1),
(185, 'How do you create a modal that does not close when clicking outside?', 10, 1),
(186, 'What are Bootstrap 5 utilities API?', 10, 1),
(187, 'How do you implement a dark theme in Bootstrap 5?', 10, 1),
(188, 'How do you change the Bootstrap primary color globally?', 10, 1),
(189, 'What is the purpose of \"popper.js\" in Bootstrap?', 10, 1),
(190, 'How do you create a multi-level dropdown in Bootstrap 5?', 10, 1),
(191, 'How do you enable Bootstrap components using pure JavaScript (no jQuery)?', 10, 1),
(192, 'What is the Bootstrap \"margin\" and \"padding\" spacer system?', 10, 1),
(193, 'How do you create a sticky navbar that becomes fixed after scrolling?', 10, 1),
(194, 'What is the \"rem\" unit used in Bootstrap 5 spacing?', 10, 1),
(195, 'How do you customize Bootstrap breakpoints?', 10, 1),
(196, 'What are Bootstrap \"extend\" classes?', 10, 1),
(197, 'How do you create a responsive sidebar layout with Bootstrap 5 grid?', 10, 1),
(198, 'What is the difference between \"data-bs-dismiss\" and \"data-bs-toggle\"?', 10, 1),
(199, 'How do you enable smooth scrolling for anchor links in Bootstrap?', 10, 1),
(200, 'How do you create a full-screen modal in Bootstrap 5?', 10, 1),
(201, 'What is the difference between let, const, and var?', 11, 1),
(202, 'What are arrow functions and how do they differ from regular functions?', 11, 1),
(203, 'What is template literals in ES6?', 11, 1),
(204, 'What is the spread operator (...) used for?', 11, 1),
(205, 'What is destructuring assignment?', 11, 1),
(206, 'What are promises in JavaScript?', 11, 1),
(207, 'What is async/await?', 11, 1),
(208, 'What is the difference between map() and forEach()?', 11, 1),
(209, 'What is the event loop in JavaScript?', 11, 1),
(210, 'What are closures?', 11, 1),
(211, 'What is the this keyword?', 11, 1),
(212, 'What is prototypal inheritance?', 11, 1),
(213, 'What are modules in JavaScript (ES6)?', 11, 1),
(214, 'What is the difference between == and ===?', 11, 1),
(215, 'What is the purpose of the fetch API?', 11, 1),
(216, 'What is localStorage?', 11, 1),
(217, 'What is debouncing in JavaScript?', 11, 1),
(218, 'What is the difference between null and undefined?', 11, 1),
(219, 'What is the \"use strict\" directive?', 11, 1),
(220, 'What is hoisting?', 11, 1),
(221, 'What is the prototype chain and how does it work?', 12, 1),
(222, 'What are generators in JavaScript?', 12, 1),
(223, 'What is the Proxy object?', 12, 1),
(224, 'What are Web Workers?', 12, 1),
(225, 'What is the difference between shallow copy and deep copy?', 12, 1),
(226, 'What is memoization?', 12, 1),
(227, 'What is the event delegation pattern?', 12, 1),
(228, 'What are symbols in JavaScript?', 12, 1),
(229, 'What is the difference between call, apply, and bind?', 12, 1),
(230, 'What is the \"new\" operator doing?', 12, 1),
(231, 'What are WeakMap and WeakSet?', 12, 1),
(232, 'What is currying in JavaScript?', 12, 1),
(233, 'What is the observer pattern?', 12, 1),
(234, 'How does the JavaScript engine handle memory management?', 12, 1),
(235, 'What are JavaScript iterators?', 12, 1),
(236, 'What is the difference between deep freeze and Object.freeze?', 12, 1),
(237, 'What is the \"optional chaining\" operator (?.)?', 12, 1),
(238, 'What are decorators in JavaScript (proposal)?', 12, 1),
(239, 'What is a Service Worker?', 12, 1),
(240, 'What is the \"composite\" pattern in JavaScript?', 12, 1);

-- --------------------------------------------------------

--
-- Table structure for table `question_options`
--

CREATE TABLE `question_options` (
  `id` int(11) NOT NULL,
  `option_text` text DEFAULT NULL,
  `is_correct` tinyint(4) DEFAULT 0,
  `question_id` int(11) DEFAULT NULL
) ENGINE=InnoDB DEFAULT CHARSET=utf8mb4 COLLATE=utf8mb4_general_ci;

--
-- Dumping data for table `question_options`
--

INSERT INTO `question_options` (`id`, `option_text`, `is_correct`, `question_id`) VALUES
(1, 'Hyper Text Markup Language', 1, 1),
(2, 'Home Tool Markup Language', 0, 1),
(3, 'Hyperlinks and Text Markup Language', 0, 1),
(4, 'Hyper Text Making Language', 0, 1),
(5, 'h6', 0, 2),
(6, 'h1', 1, 2),
(7, 'heading', 0, 2),
(8, 'h3', 0, 2),
(9, '<link>', 0, 3),
(10, '<a>', 1, 3),
(11, '<href>', 0, 3),
(12, '<hyper>', 0, 3),
(13, '<img>', 1, 4),
(14, '<image>', 0, 4),
(15, '<src>', 0, 4),
(16, '<picture>', 0, 4),
(17, '<break>', 0, 5),
(18, '<br>', 1, 5),
(19, '<newline>', 0, 5),
(20, '<hr>', 0, 5),
(21, 'src', 0, 6),
(22, 'href', 1, 6),
(23, 'link', 0, 6),
(24, 'ref', 0, 6),
(25, '<ol>', 0, 7),
(26, '<ul>', 1, 7),
(27, '<li>', 0, 7),
(28, '<list>', 0, 7),
(29, '<td>', 0, 8),
(30, '<tr>', 1, 8),
(31, '<th>', 0, 8),
(32, '<row>', 0, 8),
(33, '// comment', 0, 9),
(34, '/* comment */', 0, 9),
(35, '<!-- comment -->', 1, 9),
(36, '# comment', 0, 9),
(37, '<footer>', 1, 10),
(38, '<foot>', 0, 10),
(39, '<bottom>', 0, 10),
(40, '<end>', 0, 10),
(41, 'title', 0, 11),
(42, 'alt', 1, 11),
(43, 'src', 0, 11),
(44, 'aria-label', 0, 11),
(45, '<span>', 0, 12),
(46, '<div>', 1, 12),
(47, '<a>', 0, 12),
(48, '<strong>', 0, 12),
(49, '<title>', 1, 13),
(50, '<head>', 0, 13),
(51, '<h1>', 0, 13),
(52, '<meta>', 0, 13),
(53, '<checkbox>', 0, 14),
(54, '<input type=\"checkbox\">', 1, 14),
(55, '<input type=\"check\">', 0, 14),
(56, '<check>', 0, 14),
(57, '<select>', 1, 15),
(58, '<input type=\"dropdown\">', 0, 15),
(59, '<list>', 0, 15),
(60, '<dl>', 0, 15),
(61, '<nav>', 1, 16),
(62, '<navbar>', 0, 16),
(63, '<navigation>', 0, 16),
(64, '<menu>', 0, 16),
(65, 'It specifies the HTML version (HTML5) for the browser.', 1, 17),
(66, 'It defines a style for the page.', 0, 17),
(67, 'It links to an external JavaScript file.', 0, 17),
(68, 'It declares the page as XML.', 0, 17),
(69, '<style>', 0, 18),
(70, '<link>', 1, 18),
(71, '<script>', 0, 18),
(72, '<css>', 0, 18),
(73, 'href=\"_new\"', 0, 19),
(74, 'target=\"_blank\"', 1, 19),
(75, 'rel=\"external\"', 0, 19),
(76, 'target=\"_new\"', 0, 19),
(77, '<article>', 1, 20),
(78, '<section>', 0, 20),
(79, '<div>', 0, 20),
(80, '<main>', 0, 20),
(81, 'Creative Style Sheets', 0, 21),
(82, 'Computer Style Sheets', 0, 21),
(83, 'Cascading Style Sheets', 1, 21),
(84, 'Colorful Style Sheets', 0, 21),
(85, 'class', 0, 22),
(86, 'style', 1, 22),
(87, 'css', 0, 22),
(88, 'inline', 0, 22),
(89, '.header', 0, 23),
(90, '#header', 1, 23),
(91, 'header', 0, 23),
(92, '*header', 0, 23),
(93, 'color', 0, 24),
(94, 'bgcolor', 0, 24),
(95, 'background-color', 1, 24),
(96, 'background', 0, 24),
(97, 'text-size', 0, 25),
(98, 'font-style', 0, 25),
(99, 'font-size', 1, 25),
(100, 'text-style', 0, 25),
(101, 'p { text-color: red; }', 0, 26),
(102, 'p { color: red; }', 1, 26),
(103, 'p { font-color: red; }', 0, 26),
(104, '<p style=\"color: red;\">', 0, 26),
(105, 'text-color', 0, 27),
(106, 'foreground', 0, 27),
(107, 'color', 1, 27),
(108, 'font-color', 0, 27),
(109, 'line-spacing', 0, 28),
(110, 'line-height', 1, 28),
(111, 'letter-spacing', 0, 28),
(112, 'text-spacing', 0, 28),
(113, 'text-transform: capitalize;', 1, 29),
(114, 'text-transform: uppercase;', 0, 29),
(115, 'font-variant: small-caps;', 0, 29),
(116, 'text-style: capitalize;', 0, 29),
(117, 'relative', 0, 30),
(118, 'fixed', 0, 30),
(119, 'absolute', 0, 30),
(120, 'static', 1, 30),
(121, 'margin', 0, 31),
(122, 'spacing', 0, 31),
(123, 'border-spacing', 0, 31),
(124, 'padding', 1, 31),
(125, 'top margin 10px, bottom margin 5px', 0, 32),
(126, 'top and bottom margins 10px, left and right margins 5px', 1, 32),
(127, 'top margin 10px, left and right margins 5px, bottom margin auto', 0, 32),
(128, 'all margins 10px and 5px alternately', 0, 32),
(129, 'font-family', 1, 33),
(130, 'font-style', 0, 33),
(131, 'font-weight', 0, 33),
(132, 'text-font', 0, 33),
(133, '.example', 1, 34),
(134, '#example', 0, 34),
(135, '*example', 0, 34),
(136, 'class=example', 0, 34),
(137, 'background-color', 0, 35),
(138, 'background-image', 1, 35),
(139, 'bgimage', 0, 35),
(140, 'image-background', 0, 35),
(141, 'px', 0, 36),
(142, 'em', 0, 36),
(143, 'rem', 1, 36),
(144, 'vh', 0, 36),
(145, 'flex-container', 0, 37),
(146, 'display: flex;', 1, 37),
(147, 'display: block;', 0, 37),
(148, 'flex: true;', 0, 37),
(149, 'The element becomes transparent', 0, 38),
(150, 'The element is hidden but still takes up space', 0, 38),
(151, 'The element is completely removed from the layout and not visible', 1, 38),
(152, 'The element is hidden but clickable', 0, 38),
(153, 'border-radius', 1, 39),
(154, 'corner-radius', 0, 39),
(155, 'border-curve', 0, 39),
(156, 'edge-radius', 0, 39),
(157, 'Element selector', 0, 40),
(158, 'Class selector', 0, 40),
(159, 'ID selector', 1, 40),
(160, 'Universal selector', 0, 40),
(161, 'A programming language', 0, 41),
(162, 'A CSS framework for responsive design', 1, 41),
(163, 'A JavaScript library', 0, 41),
(164, 'A database management system', 0, 41),
(165, 'container', 0, 42),
(166, 'container-fluid', 1, 42),
(167, 'row', 0, 42),
(168, 'col', 0, 42),
(169, 'A column that takes 6 out of 12 columns on small screens and above', 1, 43),
(170, 'A column with 6px padding', 0, 43),
(171, 'A small column of size 6', 0, 43),
(172, 'A column that is hidden on small screens', 0, 43),
(173, 'button', 0, 44),
(174, '.button', 0, 44),
(175, '.btn', 1, 44),
(176, '.btn-default', 0, 44),
(177, 'text-align: center;', 0, 45),
(178, 'mx-auto', 1, 45),
(179, 'center-block', 0, 45),
(180, 'justify-content: center;', 0, 45),
(181, 'table-bordered', 0, 46),
(182, 'table-hover', 0, 46),
(183, 'table-striped', 1, 46),
(184, 'table-condensed', 0, 46),
(185, '100%', 0, 47),
(186, '1140px', 1, 47),
(187, '960px', 0, 47),
(188, '1320px', 0, 47),
(189, 'nav', 0, 48),
(190, 'navbar', 1, 48),
(191, 'navigation', 0, 48),
(192, 'menu', 0, 48),
(193, 'img-fluid', 1, 49),
(194, 'img-responsive', 0, 49),
(195, 'responsive-img', 0, 49),
(196, 'img-full', 0, 49),
(197, 'm-0', 0, 50),
(198, 'p-3', 0, 50),
(199, 'm-4', 1, 50),
(200, 'mt-3', 0, 50),
(201, 'Makes the button transparent', 0, 51),
(202, 'Applies the primary theme color (usually blue) to the button', 1, 51),
(203, 'Makes the button large', 0, 51),
(204, 'Disables the button', 0, 51),
(205, 'd-none', 1, 52),
(206, 'hidden', 0, 52),
(207, 'invisible', 0, 52),
(208, 'd-sm-none', 0, 52),
(209, 'Defines a container for columns in a grid', 1, 53),
(210, 'Creates a horizontal line', 0, 53),
(211, 'Adds background color', 0, 53),
(212, 'Creates a new section', 0, 53),
(213, 'dropdown', 1, 54),
(214, 'select', 0, 54),
(215, 'menu', 0, 54),
(216, 'list-group', 0, 54),
(217, 'text-align: center;', 0, 55),
(218, 'center', 0, 55),
(219, 'text-center', 1, 55),
(220, 'align-center', 0, 55),
(221, 'table-striped', 0, 56),
(222, 'table-hover', 1, 56),
(223, 'table-active', 0, 56),
(224, 'table-bordered', 0, 56),
(225, '576px', 0, 57),
(226, '768px', 0, 57),
(227, '992px', 1, 57),
(228, '1200px', 0, 57),
(229, 'card', 1, 58),
(230, 'box', 0, 58),
(231, 'panel', 0, 58),
(232, 'widget', 0, 58),
(233, 'img-rounded', 0, 59),
(234, 'img-circle', 0, 59),
(235, 'rounded img-fluid', 0, 59),
(236, 'img-fluid rounded', 1, 59),
(237, 'flex', 0, 60),
(238, 'd-flex', 1, 60),
(239, 'display-flex', 0, 60),
(240, 'flexbox', 0, 60),
(241, 'A styling language', 0, 61),
(242, 'A programming language for web interactivity', 1, 61),
(243, 'A database system', 0, 61),
(244, 'A markup language', 0, 61),
(245, 'alert(\"Hello World\");', 1, 62),
(246, 'msgBox(\"Hello World\");', 0, 62),
(247, 'console.log(\"Hello World\");', 0, 62),
(248, 'alertBox(\"Hello World\");', 0, 62),
(249, '/*', 0, 63),
(250, '//', 1, 63),
(251, '<!--', 0, 63),
(252, '#', 0, 63),
(253, 'Returns the data type of a variable', 1, 64),
(254, 'Checks if a variable is defined', 0, 64),
(255, 'Converts a variable to a string', 0, 64),
(256, 'Compares two variables', 0, 64),
(257, 'v variableName', 0, 65),
(258, 'var, let, or const', 1, 65),
(259, 'declare variableName', 0, 65),
(260, 'variable variableName', 0, 65),
(261, 'JSON.stringify()', 0, 66),
(262, 'JSON.parse()', 1, 66),
(263, 'JSON.convert()', 0, 66),
(264, 'JSON.toObject()', 0, 66),
(265, 'Assignment operator', 0, 67),
(266, 'Equality with type coercion', 0, 67),
(267, 'Strict equality (value and type)', 1, 67),
(268, 'Not equal', 0, 67),
(269, 'function myFunction() {}', 1, 68),
(270, 'create myFunction() {}', 0, 68),
(271, 'def myFunction() {}', 0, 68),
(272, 'new function myFunction() {}', 0, 68),
(273, 'var colors = \"red\", \"green\", \"blue\";', 0, 69),
(274, 'var colors = (1:\"red\", 2:\"green\", 3:\"blue\");', 0, 69),
(275, 'var colors = [\"red\", \"green\", \"blue\"];', 1, 69),
(276, 'var colors = red, green, blue;', 0, 69),
(277, 'onmouseover', 0, 70),
(278, 'onclick', 1, 70),
(279, 'onchange', 0, 70),
(280, 'onload', 0, 70),
(281, 'array.size', 0, 71),
(282, 'array.length', 1, 71),
(283, 'array.count', 0, 71),
(284, 'array.len', 0, 71),
(285, 'Not a Number', 1, 72),
(286, 'Null and None', 0, 72),
(287, 'No Action Needed', 0, 72),
(288, 'Negative Arithmetic Notation', 0, 72),
(289, 'array.push()', 1, 73),
(290, 'array.pop()', 0, 73),
(291, 'array.shift()', 0, 73),
(292, 'array.unshift()', 0, 73),
(293, '8', 0, 74),
(294, '53', 1, 74),
(295, '\"53\"', 0, 74),
(296, 'NaN', 0, 74),
(297, 'event.preventDefault()', 1, 75),
(298, 'event.stop()', 0, 75),
(299, 'return false;', 0, 75),
(300, 'event.cancel()', 0, 75),
(301, 'Document Object Model', 1, 76),
(302, 'Data Object Model', 0, 76),
(303, 'Document Oriented Model', 0, 76),
(304, 'Display Object Management', 0, 76),
(305, 'document.querySelector(\".myId\")', 0, 77),
(306, 'document.getElementById(\"myId\")', 1, 77),
(307, 'document.getElementByClass(\"myId\")', 0, 77),
(308, '$(\"#myId\")', 0, 77),
(309, 'Displays an alert box', 0, 78),
(310, 'Writes output to the browser console', 1, 78),
(311, 'Logs errors only', 0, 78),
(312, 'Prints to the screen', 0, 78),
(313, 'var', 0, 79),
(314, 'let', 0, 79),
(315, 'const', 1, 79),
(316, 'constant', 0, 79),
(317, 'A function that has access to its own scope and the outer function’s scope', 1, 80),
(318, 'A loop that runs forever', 0, 80),
(319, 'A way to declare private variables only', 0, 80),
(320, 'A built-in JavaScript object', 0, 80),
(321, '<nav>', 1, 81),
(322, '<header>', 0, 81),
(323, '<menu>', 0, 81),
(324, '<ul>', 0, 81),
(325, 'Alternative text if image cannot be displayed', 1, 82),
(326, 'Image alignment', 0, 82),
(327, 'Image border', 0, 82),
(328, 'Image tooltip', 0, 82),
(329, '<input type=\"dropdown\">', 0, 83),
(330, '<select>', 1, 83),
(331, '<list>', 0, 83),
(332, '<dropdown>', 0, 83),
(333, 'Provides metadata about the HTML document', 1, 84),
(334, 'Creates a meta description visible on page', 0, 84),
(335, 'Links to external resources', 0, 84),
(336, 'Defines a meta search engine', 0, 84),
(337, 'required', 1, 85),
(338, 'mandatory', 0, 85),
(339, 'validate', 0, 85),
(340, 'mustfill', 0, 85),
(341, '<video>', 1, 86),
(342, '<embed>', 0, 86),
(343, '<media>', 0, 86),
(344, '<movie>', 0, 86),
(345, 'A standalone piece of content like a blog post', 1, 87),
(346, 'A sidebar', 0, 87),
(347, 'The main heading', 0, 87),
(348, 'A navigation menu', 0, 87),
(349, 'range', 1, 88),
(350, 'slider', 0, 88),
(351, 'number', 0, 88),
(352, 'scale', 0, 88),
(353, '<div> is block-level, <span> is inline', 1, 89),
(354, '<div> is inline, <span> is block-level', 0, 89),
(355, 'No difference', 0, 89),
(356, '<div> is for styling, <span> is for layout', 0, 89),
(357, '<meter>', 1, 90),
(358, '<progress>', 0, 90),
(359, '<range>', 0, 90),
(360, '<gauge>', 0, 90),
(361, 'Opens the link in a new tab or window', 1, 91),
(362, 'Opens the link in the same frame', 0, 91),
(363, 'Opens the link in the parent frame', 0, 91),
(364, 'Prevents opening the link', 0, 91),
(365, '<map>', 1, 92),
(366, '<imagemap>', 0, 92),
(367, '<area>', 0, 92),
(368, '<usemap>', 0, 92),
(369, '<ol type=\"I\">', 1, 93),
(370, '<ol type=\"i\">', 0, 93),
(371, '<ul type=\"roman\">', 0, 93),
(372, '<list style=\"roman\">', 0, 93),
(373, 'Groups related form elements', 1, 94),
(374, 'Creates a field for file upload', 0, 94),
(375, 'Defines a set of fields', 0, 94),
(376, 'Adds a border to form', 0, 94),
(377, '<title>', 1, 95),
(378, '<head>', 0, 95),
(379, '<h1>', 0, 95),
(380, '<caption>', 0, 95),
(381, 'Enables browser auto-fill suggestions', 1, 96),
(382, 'Automatically submits the form', 0, 96),
(383, 'Completes the form with default values', 0, 96),
(384, 'Validates the form automatically', 0, 96),
(385, '<caption>', 1, 97),
(386, '<thead>', 0, 97),
(387, '<title>', 0, 97),
(388, '<legend>', 0, 97),
(389, '<link rel=\"stylesheet\" href=\"style.css\">', 1, 98),
(390, '<style src=\"style.css\">', 0, 98),
(391, '<css src=\"style.css\">', 0, 98),
(392, '<stylesheet href=\"style.css\">', 0, 98),
(393, '<canvas>', 1, 99),
(394, '<svg>', 0, 99),
(395, '<graphics>', 0, 99),
(396, '<draw>', 0, 99),
(397, 'Script is fetched asynchronously without blocking HTML parsing', 1, 100),
(398, 'Script executes immediately', 0, 100),
(399, 'Script is deferred until HTML is parsed', 0, 100),
(400, 'Script is cached', 0, 100),
(401, 'To store custom data private to the page or application', 1, 101),
(402, 'To define a data table', 0, 101),
(403, 'To create a database connection', 0, 101),
(404, 'To encrypt user data', 0, 101),
(405, '<legend>', 0, 102),
(406, '<figcaption>', 1, 102),
(407, '<caption>', 0, 102),
(408, '<summary>', 0, 102),
(409, 'Allows the user to edit the content of an element', 1, 103),
(410, 'Makes the content read-only', 0, 103),
(411, 'Automatically saves the content', 0, 103),
(412, 'Hides the content', 0, 103),
(413, 'Use a <div> with JavaScript to toggle a list', 1, 104),
(414, 'Use <input type=\"dropdown\">', 0, 104),
(415, 'Use <option> outside <select>', 0, 104),
(416, 'Use <list> tag', 0, 104),
(417, 'Holds HTML fragments that are not rendered until used by JavaScript', 1, 105),
(418, 'Creates a template for email', 0, 105),
(419, 'Defines a reusable style', 0, 105),
(420, 'Preloads images', 0, 105),
(421, 'datetime-local', 1, 106),
(422, 'date', 0, 106),
(423, 'time', 0, 106),
(424, 'datetime', 0, 106),
(425, 'Enables a set of extra restrictions on content in the iframe', 1, 107),
(426, 'Prevents the iframe from loading', 0, 107),
(427, 'Allows full access to parent page', 0, 107),
(428, 'Makes the iframe transparent', 0, 107),
(429, 'spellcheck=\"true\"', 1, 108),
(430, 'spell=\"on\"', 0, 108),
(431, 'check-spelling=\"yes\"', 0, 108),
(432, 'enable-spellcheck', 0, 108),
(433, '<main>', 1, 109),
(434, '<body>', 0, 109),
(435, '<section>', 0, 109),
(436, '<content>', 0, 109),
(437, 'defer executes after HTML parsing, async executes as soon as downloaded', 1, 110),
(438, 'defer downloads script immediately, async waits', 0, 110),
(439, 'No difference', 0, 110),
(440, 'defer is for external scripts, async for inline', 0, 110),
(441, 'pattern', 1, 111),
(442, 'validate', 0, 111),
(443, 'regex', 0, 111),
(444, 'format', 0, 111),
(445, 'Provides an autocomplete list for an <input>', 1, 112),
(446, 'Creates a dropdown menu', 0, 112),
(447, 'Defines a list of data items', 0, 112),
(448, 'Used for data binding', 0, 112),
(449, 'Wrap <iframe> in a <div> with padding-bottom and position relative', 1, 113),
(450, 'Use width=\"100%\" only', 0, 113),
(451, 'Use CSS transform', 0, 113),
(452, 'Set viewport meta tag', 0, 113),
(453, '<dialog>', 1, 114),
(454, '<modal>', 0, 114),
(455, '<popup>', 0, 114),
(456, '<alert>', 0, 114),
(457, 'Tells the browser to download the linked resource instead of navigating', 1, 115),
(458, 'Opens the link in a new tab', 0, 115),
(459, 'Prevents the link from opening', 0, 115),
(460, 'Automatically saves the page as PDF', 0, 115),
(461, 'Using customElements.define() with JavaScript', 1, 116),
(462, 'Using <custom> tag', 0, 116),
(463, 'Using <element> tag', 0, 116),
(464, 'Using data-custom attribute', 0, 116),
(465, 'Numbers the list in descending order (e.g., 3,2,1)', 1, 117),
(466, 'Reverses the order of items visually', 0, 117),
(467, 'Applies a reverse color scheme', 0, 117),
(468, 'Flips the list horizontally', 0, 117),
(469, '<aside>', 1, 118),
(470, '<sidebar>', 0, 118),
(471, '<nav>', 0, 118),
(472, '<section>', 0, 118),
(473, '<embed src=\"file.pdf\">', 0, 119),
(474, '<object data=\"file.pdf\">', 0, 119),
(475, '<iframe src=\"file.pdf\">', 0, 119),
(476, 'All of the above', 1, 119),
(477, 'crossorigin attribute', 1, 120),
(478, 'cors=\"true\"', 0, 120),
(479, 'allow-cors', 0, 120),
(480, 'origin=\"*\"', 0, 120),
(481, 'z-index', 1, 121),
(482, 'stack-order', 0, 121),
(483, 'layer-index', 0, 121),
(484, 'order', 0, 121),
(485, 'Nearest positioned ancestor', 1, 122),
(486, 'Viewport', 0, 122),
(487, 'Parent element', 0, 122),
(488, 'Document body', 0, 122),
(489, ':first-child', 1, 123),
(490, ':first-of-type', 0, 123),
(491, ':first', 0, 123),
(492, ':nth-child(1)', 0, 123),
(493, 'var()', 1, 124),
(494, 'custom()', 0, 124),
(495, 'set()', 0, 124),
(496, 'define()', 0, 124),
(497, 'Includes padding and border in the element’s total width/height', 1, 125),
(498, 'Only includes content', 0, 125),
(499, 'Adds border outside', 0, 125),
(500, 'Resets box model', 0, 125),
(501, 'margin: 0 auto;', 1, 126),
(502, 'text-align: center', 0, 126),
(503, 'align: center', 0, 126),
(504, 'position: center', 0, 126),
(505, 'orientation: landscape', 1, 127),
(506, 'device-orientation', 0, 127),
(507, 'screen: landscape', 0, 127),
(508, '@media landscape', 0, 127),
(509, 'Applies a smooth transition to all properties over 0.3s with easing', 1, 128),
(510, 'Changes all colors', 0, 128),
(511, 'Makes all elements hidden', 0, 128),
(512, 'Sets timeout', 0, 128),
(513, '::first-line', 1, 129),
(514, ':first-line', 0, 129),
(515, '::first-letter', 0, 129),
(516, '.first-line', 0, 129),
(517, 'display: grid', 1, 130),
(518, 'display: flex', 0, 130),
(519, 'grid: true', 0, 130),
(520, 'display: grid-container', 0, 130),
(521, 'none removes from layout, hidden hides but occupies space', 1, 131),
(522, 'Same effect', 0, 131),
(523, 'none hides, hidden removes', 0, 131),
(524, 'none is for flex', 0, 131),
(525, 'vw', 1, 132),
(526, 'vh', 0, 132),
(527, 'vmin', 0, 132),
(528, '%', 0, 132),
(529, 'Positioned elements (relative, absolute, fixed, sticky)', 1, 133),
(530, 'All elements', 0, 133),
(531, 'Block elements only', 0, 133),
(532, 'Inline elements', 0, 133),
(533, ':checked', 1, 134),
(534, ':selected', 0, 134),
(535, '[checked]', 0, 134),
(536, '.checked', 0, 134),
(537, 'Animation runs forever', 1, 135),
(538, 'Animation runs once', 0, 135),
(539, 'Stops animation', 0, 135),
(540, 'Repeats 2 times', 0, 135),
(541, 'gap', 1, 136),
(542, 'grid-gap', 0, 136),
(543, 'space', 0, 136),
(544, 'padding', 0, 136),
(545, 'nth-child counts all children, nth-of-type counts only same tag', 1, 137),
(546, 'Same', 0, 137),
(547, 'nth-child is faster', 0, 137),
(548, 'nth-of-type is deprecated', 0, 137),
(549, 'Using border-width and transparent borders', 1, 138),
(550, 'Using clip-path', 0, 138),
(551, 'Using shape-outside', 0, 138),
(552, 'Using SVG', 0, 138),
(553, 'Makes element ignore mouse events', 1, 139),
(554, 'Hides pointer cursor', 0, 139),
(555, 'Disables clicks but shows hand', 0, 139),
(556, 'Removes hover', 0, 139),
(557, 'column-count', 1, 140),
(558, 'columns', 0, 140),
(559, 'multi-column', 0, 140),
(560, 'grid-template-columns', 0, 140),
(561, 'Grid is 2D, Flexbox is 1D', 1, 141),
(562, 'Flexbox is 2D, Grid is 1D', 0, 141),
(563, 'Same', 0, 141),
(564, 'Grid is older', 0, 141),
(565, '@keyframes name { from {} to {} }', 1, 142),
(566, '@animation keyframes', 0, 142),
(567, 'keyframes {}', 0, 142),
(568, '@keyframe name {}', 0, 142),
(569, 'Hints to browser about which properties will change to optimize performance', 1, 143),
(570, 'Forces property change', 0, 143),
(571, 'Deprecated', 0, 143),
(572, 'Prevents changes', 0, 143),
(573, 'Weight that determines which rule applies; calculated as inline > ID > class > element', 1, 144),
(574, 'Order of styles', 0, 144),
(575, 'Importance flag', 0, 144),
(576, 'Browser specific', 0, 144),
(577, 'Using flexbox or grid with auto-fill, minmax, and clamp()', 1, 145),
(578, 'Using JavaScript', 0, 145),
(579, 'Not possible', 0, 145),
(580, 'Using viewport meta only', 0, 145),
(581, 'Improves performance by isolating a subtree from the rest of the page', 1, 146),
(582, 'Contains an element', 0, 146),
(583, 'Container queries', 0, 146),
(584, 'Holds content', 0, 146),
(585, 'Sass, Less (or Stylus)', 1, 147),
(586, 'JavaScript, Python', 0, 147),
(587, 'jQuery, React', 0, 147),
(588, 'HTML, XML', 0, 147),
(589, 'Using background-attachment: fixed on background images', 1, 148),
(590, 'Using transform: translateZ', 0, 148),
(591, 'Using perspective', 0, 148),
(592, 'Using scroll-snap', 0, 148),
(593, 'transform is a property, translate() is a function of transform', 1, 149),
(594, 'Same', 0, 149),
(595, 'translate is a property', 0, 149),
(596, 'transform moves, translate rotates', 0, 149),
(597, 'The order of styles combining and overriding based on origin, importance, specificity', 1, 150),
(598, 'Waterfall effect', 0, 150),
(599, 'Animation', 0, 150),
(600, 'Grid system', 0, 150),
(601, 'Minify CSS, use fewer selectors, avoid @import, use CSS containment', 1, 151),
(602, 'Use more !important', 0, 151),
(603, 'Write all styles inline', 0, 151),
(604, 'Use only IDs', 0, 151),
(605, 'APIs that allow developers to extend CSS with JavaScript', 1, 152),
(606, 'A new framework', 0, 152),
(607, 'A CSS validator', 0, 152),
(608, 'A browser', 0, 152),
(609, 'Using grid with min-height: 100vh and footer in last row', 1, 153),
(610, 'Using position: fixed', 0, 153),
(611, 'Using margin-top: auto', 0, 153),
(612, 'Using flexbox only', 0, 153),
(613, 'rem is relative to root font-size, em relative to parent', 1, 154),
(614, 'Same', 0, 154),
(615, 'rem is for margins', 0, 154),
(616, 'em is absolute', 0, 154),
(617, 'Using prefers-color-scheme media query', 1, 155),
(618, 'Using dark class', 0, 155),
(619, 'Using JavaScript only', 0, 155),
(620, 'Using @media light', 0, 155),
(621, 'Creates a new stacking context', 1, 156),
(622, 'Isolates from JS', 0, 156),
(623, 'Prevents click events', 0, 156),
(624, 'Hides element', 0, 156),
(625, 'Using :hover on parent to show a pseudo-element', 1, 157),
(626, 'Using title attribute', 0, 157),
(627, 'Using JavaScript', 0, 157),
(628, 'Using <abbr>', 0, 157),
(629, 'Refers to the current value of color property', 1, 158),
(630, 'Current time', 0, 158),
(631, 'Current window', 0, 158),
(632, 'Current border', 0, 158),
(633, 'Hides the back face of a 3D transformed element', 1, 159),
(634, 'Makes element invisible', 0, 159),
(635, 'Hides front face', 0, 159),
(636, 'Applies blur', 0, 159),
(637, 'Use browser devtools, outline, or border', 1, 160),
(638, 'Guess', 0, 160),
(639, 'Restart browser', 0, 160),
(640, 'Delete CSS', 0, 160),
(641, 'Using navbar-expand-* class', 1, 161),
(642, 'Using collapse.js', 0, 161),
(643, 'Using flex-wrap', 0, 161),
(644, 'Using media queries', 0, 161),
(645, 'Flexible content containers with header, body, footer', 1, 162),
(646, 'Credit cards', 0, 162),
(647, 'Playing cards', 0, 162),
(648, 'Image cards', 0, 162),
(649, 'Add modal-dialog-centered class to modal-dialog', 1, 163),
(650, 'Use vertical-align', 0, 163),
(651, 'Use margin auto', 0, 163),
(652, 'Use position absolute', 0, 163),
(653, 'Indicate loading state', 1, 164),
(654, 'Spinning animation', 0, 164),
(655, 'Game spinner', 0, 164),
(656, 'Form spinner', 0, 164),
(657, 'Using carousel component with .carousel class', 1, 165),
(658, 'Using slider.js', 0, 165),
(659, 'Using cycle plugin', 0, 165),
(660, 'Using slideshow', 0, 165),
(661, 'Popups with text that appear on hover; initialized via JS', 1, 166),
(662, 'Tooltips are automatic', 0, 166),
(663, 'Only CSS', 0, 166),
(664, 'No initialization needed', 0, 166),
(665, 'Add data-bs-spy=\"scroll\" to body and data-bs-target to nav', 1, 167),
(666, 'Use scroll.js', 0, 167),
(667, 'Use CSS only', 0, 167),
(668, 'Use jQuery', 0, 167),
(669, 'd-flex is Bootstrap\'s utility for display: flex', 1, 168),
(670, 'Same', 0, 168),
(671, 'd-flex is faster', 0, 168),
(672, 'No difference', 0, 168),
(673, 'Use .offcanvas component with data-bs-toggle=\"offcanvas\"', 1, 169),
(674, 'Use sidebar class', 0, 169),
(675, 'Use drawer class', 0, 169),
(676, 'Use slideout', 0, 169),
(677, 'Small inline counters and labels', 1, 170),
(678, 'Badges are buttons', 0, 170),
(679, 'Badges are icons', 0, 170),
(680, 'Badges are alerts', 0, 170),
(681, 'Wrap buttons in .btn-group', 1, 171),
(682, 'Use group class', 0, 171),
(683, 'Use button-group class on each button', 0, 171),
(684, 'Use flex', 0, 171),
(685, 'Custom attributes for Bootstrap JavaScript components', 1, 172),
(686, 'Data attributes for HTML5', 0, 172),
(687, 'For styling', 0, 172),
(688, 'For SEO', 0, 172),
(689, 'Use .toast component with .toast class and JS trigger', 1, 173),
(690, 'Use alert', 0, 173),
(691, 'Use notification', 0, 173),
(692, 'Use popup', 0, 173),
(693, 'col-* is equal width, col-*-* specifies number of columns', 1, 174),
(694, 'Same', 0, 174),
(695, 'col-* is for rows', 0, 174),
(696, 'col-*-* is deprecated', 0, 174),
(697, 'Wrap table in .table-responsive', 1, 175),
(698, 'Use overflow: auto', 0, 175),
(699, 'Use scroll table', 0, 175),
(700, 'Use width: 100%', 0, 175),
(701, 'Vertically stacked list items', 1, 176),
(702, 'Horizontal lists', 0, 176),
(703, 'Ordered lists', 0, 176),
(704, 'Unordered lists', 0, 176),
(705, 'Use .form-floating class on wrapper', 1, 177),
(706, 'Use floating attribute', 0, 177),
(707, 'Use placeholder=\"float\"', 0, 177),
(708, 'Use label floating', 0, 177),
(709, 'Skeleton loading placeholders for content', 1, 178),
(710, 'Form placeholders', 0, 178),
(711, 'Image placeholders', 0, 178),
(712, 'Card placeholders', 0, 178),
(713, 'Override root CSS variables like --bs-primary', 1, 179),
(714, 'Edit bootstrap.css', 0, 179),
(715, 'Use !important', 0, 179),
(716, 'Use a different framework', 0, 179),
(717, 'sm:576px, md:768px, lg:992px, xl:1200px, xxl:1400px', 1, 180),
(718, '480, 768, 1024, 1200', 0, 180),
(719, 'mobile, tablet, desktop', 0, 180),
(720, 'No breakpoints', 0, 180),
(721, 'Import Bootstrap SCSS files and override variables before compiling', 1, 181),
(722, 'Edit CSS directly', 0, 181),
(723, 'Use theme roller', 0, 181),
(724, 'Use JavaScript', 0, 181),
(725, 'Support for languages written right-to-left', 1, 182),
(726, 'Responsive toggles', 0, 182),
(727, 'Rotation utilities', 0, 182),
(728, 'Reverse layout', 0, 182),
(729, 'Use class g-0 on row', 1, 183),
(730, 'Use no-gutters', 0, 183),
(731, 'Remove padding manually', 0, 183),
(732, 'Use m-0', 0, 183),
(733, 'Bootstrap 5 dropped jQuery, added RTL, new components', 1, 184),
(734, 'No difference', 0, 184),
(735, 'Bootstrap 5 is older', 0, 184),
(736, 'Bootstrap 4 has no grid', 0, 184),
(737, 'Set data-bs-backdrop=\"static\" on modal button', 1, 185),
(738, 'Use backdrop: false', 0, 185),
(739, 'Use keyboard: false', 0, 185),
(740, 'Use close button', 0, 185),
(741, 'A way to generate utility classes programmatically', 1, 186),
(742, 'An API for components', 0, 186),
(743, 'A JavaScript API', 0, 186),
(744, 'A color system', 0, 186),
(745, 'Add data-bs-theme=\"dark\" to body or use dark mode class', 1, 187),
(746, 'Use CSS filter', 0, 187),
(747, 'Use prefers-color-scheme', 0, 187),
(748, 'Use JavaScript toggle', 0, 187),
(749, 'Override $primary variable in SCSS', 1, 188),
(750, 'Use !important', 0, 188),
(751, 'Use CSS custom property', 0, 188),
(752, 'Use inline style', 0, 188),
(753, 'Handles positioning of tooltips and popovers', 1, 189),
(754, 'Animation library', 0, 189),
(755, 'Form validation', 0, 189),
(756, 'Carousel logic', 0, 189),
(757, 'Add nested dropdown inside a dropdown (requires custom CSS or JS)', 1, 190),
(758, 'Use .multi-dropdown', 0, 190),
(759, 'Bootstrap does not support', 0, 190),
(760, 'Use .sub-menu', 0, 190),
(761, 'Using Bootstrap\'s native JavaScript module (bootstrap.bundle.js)', 1, 191),
(762, 'jQuery is required', 0, 191),
(763, 'No JavaScript needed', 0, 191),
(764, 'Use Angular', 0, 191),
(765, 'Responsive spacing classes: m-*, p-* with values 0-5 and auto', 1, 192),
(766, 'Only fixed margins', 0, 192),
(767, 'Only padding', 0, 192),
(768, 'No system', 0, 192),
(769, 'Use .sticky-top class', 1, 193),
(770, 'Use position: fixed', 0, 193),
(771, 'Use sticky navbar class', 0, 193),
(772, 'Use scroll event', 0, 193),
(773, 'Relative to root font-size (default 16px)', 1, 194),
(774, 'Relative to parent', 0, 194),
(775, 'Absolute', 0, 194),
(776, 'Viewport unit', 0, 194),
(777, 'Override $grid-breakpoints map in SCSS', 1, 195),
(778, 'Edit media queries', 0, 195),
(779, 'Use JavaScript', 0, 195),
(780, 'Not possible', 0, 195),
(781, 'Predefined classes that inherit styles from others', 1, 196),
(782, 'Extension of components', 0, 196),
(783, 'Plugin system', 0, 196),
(784, 'Utility classes', 0, 196),
(785, 'Use row and col with responsive classes like col-lg-3', 1, 197),
(786, 'Use offcanvas', 0, 197),
(787, 'Use flex column', 0, 197),
(788, 'Use position absolute', 0, 197),
(789, 'dismiss closes component, toggle toggles component', 1, 198),
(790, 'Same', 0, 198),
(791, 'dismiss is for alerts', 0, 198),
(792, 'toggle is for modals only', 0, 198),
(793, 'Add scroll-behavior: smooth to CSS or use JS', 1, 199),
(794, 'Use data-bs-smooth', 0, 199),
(795, 'Use smooth class', 0, 199),
(796, 'Not supported', 0, 199),
(797, 'Add modal-fullscreen class to modal-dialog', 1, 200),
(798, 'Use fullscreen: true', 0, 200),
(799, 'Use width: 100%', 0, 200),
(800, 'Use vh-100', 0, 200),
(801, 'var is function-scoped, let/const are block-scoped; const cannot be reassigned', 1, 201),
(802, 'All same', 0, 201),
(803, 'let is global', 0, 201),
(804, 'const can be changed', 0, 201),
(805, 'Arrow functions have no own this, no arguments, cannot be constructors', 1, 202),
(806, 'Same', 0, 202),
(807, 'Arrow functions are slower', 0, 202),
(808, 'Arrow functions have their own this', 0, 202),
(809, 'String literals using backticks with embedded expressions', 1, 203),
(810, 'HTML templates', 0, 203),
(811, 'JSX', 0, 203),
(812, 'String concatenation', 0, 203),
(813, 'Expands arrays/objects into individual elements', 1, 204),
(814, 'Rest operator', 0, 204),
(815, 'Multiplication', 0, 204),
(816, 'Spreads function arguments', 0, 204),
(817, 'Extract values from arrays or objects into variables', 1, 205),
(818, 'Delete properties', 0, 205),
(819, 'Assign default values', 0, 205),
(820, 'Merge objects', 0, 205),
(821, 'Objects representing eventual completion/async operation', 1, 206),
(822, 'Callbacks only', 0, 206),
(823, 'Events', 0, 206),
(824, 'Functions', 0, 206),
(825, 'Syntactic sugar over promises, makes async code look synchronous', 1, 207),
(826, 'Old way', 0, 207),
(827, 'Replaces promises', 0, 207),
(828, 'Callback hell', 0, 207),
(829, 'map returns a new array, forEach does not', 1, 208),
(830, 'Same', 0, 208),
(831, 'map is faster', 0, 208),
(832, 'forEach returns array', 0, 208),
(833, 'Handles asynchronous callbacks, queues tasks', 1, 209),
(834, 'Game loop', 0, 209),
(835, 'Animation loop', 0, 209),
(836, 'Render loop', 0, 209),
(837, 'Function with access to its outer scope even after outer function returns', 1, 210),
(838, 'Loop variable', 0, 210),
(839, 'Global variable', 0, 210),
(840, 'Private variable', 0, 210),
(841, 'Refers to the object that is executing the current function', 1, 211),
(842, 'Current function', 0, 211),
(843, 'Global object', 0, 211),
(844, 'Parent object', 0, 211),
(845, 'Objects inherit properties from other objects via prototype chain', 1, 212),
(846, 'Class inheritance', 0, 212),
(847, 'No inheritance', 0, 212),
(848, 'Copy properties', 0, 212),
(849, 'Import/export syntax to split code into files', 1, 213),
(850, 'External libraries', 0, 213),
(851, 'Node.js only', 0, 213),
(852, 'HTML modules', 0, 213),
(853, '=== checks value and type, == converts types', 1, 214),
(854, 'Same', 0, 214),
(855, '== is stricter', 0, 214),
(856, 'No difference', 0, 214),
(857, 'Make HTTP requests and handle responses', 1, 215),
(858, 'Read files', 0, 215),
(859, 'Manipulate DOM', 0, 215),
(860, 'Store data', 0, 215),
(861, 'Store key-value pairs persistently in browser', 1, 216),
(862, 'Database', 0, 216),
(863, 'Session storage', 0, 216),
(864, 'Cookie', 0, 216),
(865, 'Limit rate of function calls', 1, 217),
(866, 'Remove debugs', 0, 217),
(867, 'Delay execution', 0, 217),
(868, 'Cancel event', 0, 217),
(869, 'undefined means not assigned, null is intentional absence', 1, 218),
(870, 'Same', 0, 218),
(871, 'null is undefined', 0, 218),
(872, 'undefined is an object', 0, 218),
(873, 'Enforces stricter parsing and error handling', 1, 219),
(874, 'Disables features', 0, 219),
(875, 'Old mode', 0, 219),
(876, 'Debug mode', 0, 219),
(877, 'Variable/function declarations moved to top of scope', 1, 220),
(878, 'Throws error', 0, 220),
(879, 'Not possible', 0, 220),
(880, 'Only functions', 0, 220),
(881, 'Objects inherit from other objects; when property not found, lookup goes up the chain', 1, 221),
(882, 'Array chain', 0, 221),
(883, 'Function chain', 0, 221),
(884, 'Class chain', 0, 221),
(885, 'Functions that can be paused and resumed with yield', 1, 222),
(886, 'Async functions', 0, 222),
(887, 'Promises', 0, 222),
(888, 'Callbacks', 0, 222),
(889, 'Creates a wrapper to intercept operations on an object', 1, 223),
(890, 'Network proxy', 0, 223),
(891, 'Server proxy', 0, 223),
(892, 'Event proxy', 0, 223),
(893, 'Run JavaScript in background threads', 1, 224),
(894, 'UI threads', 0, 224),
(895, 'Main thread', 0, 224),
(896, 'Event loop', 0, 224),
(897, 'Shallow copies only top-level, deep copies all nested objects', 1, 225),
(898, 'Same', 0, 225),
(899, 'Shallow is slower', 0, 225),
(900, 'Deep copies references', 0, 225),
(901, 'Caching function results to improve performance', 1, 226),
(902, 'Memory leak', 0, 226),
(903, 'Function composition', 0, 226),
(904, 'Recursion', 0, 226),
(905, 'Using parent element to handle events on children', 1, 227),
(906, 'Event bubbling', 0, 227),
(907, 'Event capturing', 0, 227),
(908, 'Event listeners', 0, 227),
(909, 'Unique and immutable primitive values', 1, 228),
(910, 'Objects', 0, 228),
(911, 'Strings', 0, 228),
(912, 'Numbers', 0, 228),
(913, 'call/apply invoke immediately with given this and arguments; bind returns a new function', 1, 229),
(914, 'All same', 0, 229),
(915, 'bind is immediate', 0, 229),
(916, 'apply is for arrays only', 0, 229),
(917, 'Creates a new object, sets prototype, binds this, returns object', 1, 230),
(918, 'Calls function', 0, 230),
(919, 'Creates array', 0, 230),
(920, 'Declares variable', 0, 230),
(921, 'Collections with weak references (no prevention of GC)', 1, 231),
(922, 'Strong collections', 0, 231),
(923, 'Regular Map/Set', 0, 231),
(924, 'Arrays', 0, 231),
(925, 'Transforming a function with multiple args into sequence of functions with single args', 1, 232),
(926, 'Spicy function', 0, 232),
(927, 'Partial application', 0, 232),
(928, 'Higher-order function', 0, 232),
(929, 'One-to-many dependency where objects notify observers of changes', 1, 233),
(930, 'Singleton', 0, 233),
(931, 'Factory', 0, 233),
(932, 'Module', 0, 233),
(933, 'Automatic garbage collection using mark-and-sweep', 1, 234),
(934, 'Manual free', 0, 234),
(935, 'No management', 0, 234),
(936, 'Reference counting only', 0, 234),
(937, 'Objects that define a sequence and a next() method', 1, 235),
(938, 'Loops', 0, 235),
(939, 'Arrays', 0, 235),
(940, 'Functions', 0, 235),
(941, 'Object.freeze is shallow, deep freeze recursively freezes', 1, 236),
(942, 'Same', 0, 236),
(943, 'Deep freeze is built-in', 0, 236),
(944, 'Object.freeze is deep', 0, 236),
(945, 'Safely access nested properties without checking each level', 1, 237),
(946, 'Null check', 0, 237),
(947, 'Ternary operator', 0, 237),
(948, 'Logical OR', 0, 237),
(949, 'Experimental feature to modify class behavior declaratively', 1, 238),
(950, 'Production feature', 0, 238),
(951, 'Typescript only', 0, 238),
(952, 'React only', 0, 238),
(953, 'Script that runs in background for offline support and push notifications', 1, 239),
(954, 'Web worker', 0, 239),
(955, 'Main thread script', 0, 239),
(956, 'Event handler', 0, 239),
(957, 'Compose objects into tree structures to represent part-whole hierarchies', 1, 240),
(958, 'UI pattern', 0, 240),
(959, 'Data pattern', 0, 240),
(960, 'Singleton', 0, 240);

-- --------------------------------------------------------

--
-- Table structure for table `question_types`
--

CREATE TABLE `question_types` (
  `id` int(11) NOT NULL,
  `name` varchar(100) DEFAULT NULL
) ENGINE=InnoDB DEFAULT CHARSET=utf8mb4 COLLATE=utf8mb4_general_ci;

--
-- Dumping data for table `question_types`
--

INSERT INTO `question_types` (`id`, `name`) VALUES
(1, 'mcq');

-- --------------------------------------------------------

--
-- Table structure for table `quizzes`
--

CREATE TABLE `quizzes` (
  `id` int(11) NOT NULL,
  `quiz_name` varchar(255) DEFAULT NULL,
  `quiz_category_id` int(11) DEFAULT NULL,
  `description` text DEFAULT NULL,
  `time_limit` time DEFAULT NULL,
  `score` int(11) DEFAULT NULL
) ENGINE=InnoDB DEFAULT CHARSET=utf8mb4 COLLATE=utf8mb4_general_ci;

--
-- Dumping data for table `quizzes`
--

INSERT INTO `quizzes` (`id`, `quiz_name`, `quiz_category_id`, `description`, `time_limit`, `score`) VALUES
(1, 'HTML Basic', 1, 'This will cover questions from HTML Basic', '00:20:00', 20),
(2, 'CSS Basic', 2, 'Learn Basics of CSS', '00:20:00', 20),
(3, 'BootStrap Basic', 3, 'Learn Basics of BootStrap', '00:20:00', 20),
(4, 'JavaScript Basic', 4, 'Learn Basics of JavaScript', '00:20:00', 20),
(5, 'HTML Intermediate', 1, 'Test your intermediate level of knowledge', '00:20:00', 20),
(6, 'HTML Advance', 1, 'Test your advance level knowledge of HTML', '00:20:00', 20),
(7, 'CSS Intermediate', 2, 'Test your intermediate level knowledge of CSS', '00:20:00', 20),
(8, 'CSS Advance', 2, 'Test your advance level knowledge of CSS', '00:20:00', 20),
(9, 'BootStrap Intermediate', 3, 'Test your intermediate level knowledge of BootStrap', '00:20:00', 20),
(10, 'BootStrap Advance', 3, 'Test your advance level knowledge of BootStrap', '00:20:00', 20),
(11, 'JavaScipt Intermediate', 4, 'Test your intermediate level knowledge of JavaScipt', '00:20:00', 20),
(12, 'JavaScipt Advance', 4, 'Test your advance level knowledge of JavaScipt', '00:20:00', 20);

-- --------------------------------------------------------

--
-- Table structure for table `quiz_category`
--

CREATE TABLE `quiz_category` (
  `id` int(11) NOT NULL,
  `name` varchar(100) DEFAULT NULL,
  `parent_id` int(11) DEFAULT 0,
  `description` text DEFAULT NULL
) ENGINE=InnoDB DEFAULT CHARSET=utf8mb4 COLLATE=utf8mb4_general_ci;

--
-- Dumping data for table `quiz_category`
--

INSERT INTO `quiz_category` (`id`, `name`, `parent_id`, `description`) VALUES
(1, 'HTML', 0, 'The standard markup language used to structure content and layout on the web.'),
(2, 'CSS', 0, 'The style sheet language used to control the visual presentation, fonts, and layout of web pages.'),
(3, 'BootStrap', 0, 'A popular front-end open-source toolkit for fast, responsive, and mobile-first web development.'),
(4, 'JavaScript', 0, 'A high-level programming language that adds interactivity, logic, and dynamic behavior to websites.');

--
-- Indexes for dumped tables
--

--
-- Indexes for table `questions`
--
ALTER TABLE `questions`
  ADD PRIMARY KEY (`id`);

--
-- Indexes for table `question_options`
--
ALTER TABLE `question_options`
  ADD PRIMARY KEY (`id`);

--
-- Indexes for table `question_types`
--
ALTER TABLE `question_types`
  ADD PRIMARY KEY (`id`);

--
-- Indexes for table `quizzes`
--
ALTER TABLE `quizzes`
  ADD PRIMARY KEY (`id`);

--
-- Indexes for table `quiz_category`
--
ALTER TABLE `quiz_category`
  ADD PRIMARY KEY (`id`);

--
-- AUTO_INCREMENT for dumped tables
--

--
-- AUTO_INCREMENT for table `questions`
--
ALTER TABLE `questions`
  MODIFY `id` int(11) NOT NULL AUTO_INCREMENT, AUTO_INCREMENT=241;

--
-- AUTO_INCREMENT for table `question_options`
--
ALTER TABLE `question_options`
  MODIFY `id` int(11) NOT NULL AUTO_INCREMENT, AUTO_INCREMENT=961;

--
-- AUTO_INCREMENT for table `question_types`
--
ALTER TABLE `question_types`
  MODIFY `id` int(11) NOT NULL AUTO_INCREMENT, AUTO_INCREMENT=2;

--
-- AUTO_INCREMENT for table `quizzes`
--
ALTER TABLE `quizzes`
  MODIFY `id` int(11) NOT NULL AUTO_INCREMENT, AUTO_INCREMENT=13;

--
-- AUTO_INCREMENT for table `quiz_category`
--
ALTER TABLE `quiz_category`
  MODIFY `id` int(11) NOT NULL AUTO_INCREMENT, AUTO_INCREMENT=5;
COMMIT;

/*!40101 SET CHARACTER_SET_CLIENT=@OLD_CHARACTER_SET_CLIENT */;
/*!40101 SET CHARACTER_SET_RESULTS=@OLD_CHARACTER_SET_RESULTS */;
/*!40101 SET COLLATION_CONNECTION=@OLD_COLLATION_CONNECTION */;
